{
"bot_detection_tdrenis": {
        "accuracy": 0.41,
        "classification_report": {
            "human": {
                "precision": 0.39622641509433965,
                "recall": 0.4375,
                "f1-score": 0.4158415841584158,
                "support": 48.0
            },
            "bot": {
                "precision": 0.425531914893617,
                "recall": 0.38461538461538464,
                "f1-score": 0.40404040404040403,
                "support": 52.0
            },
            "accuracy": 0.41,
            "macro avg": {
                "precision": 0.41087916499397836,
                "recall": 0.4110576923076923,
                "f1-score": 0.4099409940994099,
                "support": 100.0
            },
            "weighted avg": {
                "precision": 0.41146527498996394,
                "recall": 0.41,
                "f1-score": 0.40970497049704974,
                "support": 100.0
            }
        },
        "confusion_matrix": {
            "labels": [
                "human",
                "bot"
            ],
            "matrix": [
                [
                    21,
                    27
                ],
                [
                    32,
                    20
                ]
            ]
        }
    },
    "bot_detection_distilroberta": {
        "accuracy": 0.53,
        "classification_report": {
            "human": {
                "precision": 0.5064935064935064,
                "recall": 0.8125,
                "f1-score": 0.624,
                "support": 48.0
            },
            "bot": {
                "precision": 0.6086956521739131,
                "recall": 0.2692307692307692,
                "f1-score": 0.37333333333333335,
                "support": 52.0
            },
            "accuracy": 0.53,
            "macro avg": {
                "precision": 0.5575945793337098,
                "recall": 0.5408653846153846,
                "f1-score": 0.4986666666666667,
                "support": 100.0
            },
            "weighted avg": {
                "precision": 0.5596386222473179,
                "recall": 0.53,
                "f1-score": 0.49365333333333333,
                "support": 100.0
            }
        },
        "confusion_matrix": {
            "labels": [
                "human",
                "bot"
            ],
            "matrix": [
                [
                    39,
                    9
                ],
                [
                    38,
                    14
                ]
            ]
        }
    }
}