{
    "sentiment_analysis_performance": {
        "accuracy": 0.8571428571428571,
        "classification_report": {
            "Positive": {
                "precision": 1.0,
                "recall": 0.6666666666666666,
                "f1-score": 0.8,
                "support": 3.0
            },
            "Neutral": {
                "precision": 1.0,
                "recall": 1.0,
                "f1-score": 1.0,
                "support": 3.0
            },
            "Negative": {
                "precision": 0.5,
                "recall": 1.0,
                "f1-score": 0.6666666666666666,
                "support": 1.0
            },
            "accuracy": 0.8571428571428571,
            "macro avg": {
                "precision": 0.8333333333333334,
                "recall": 0.8888888888888888,
                "f1-score": 0.8222222222222223,
                "support": 7.0
            },
            "weighted avg": {
                "precision": 0.9285714285714286,
                "recall": 0.8571428571428571,
                "f1-score": 0.8666666666666668,
                "support": 7.0
            }
        },
        "confusion_matrix": {
            "labels": [
                "Positive",
                "Neutral",
                "Negative"
            ],
            "matrix": [
                [
                    2,
                    0,
                    1
                ],
                [
                    0,
                    3,
                    0
                ],
                [
                    0,
                    0,
                    1
                ]
            ]
        }
    },
    "bot_detection_performance": {
        "accuracy": 0.5714285714285714,
        "classification_report": {
            "human": {
                "precision": 1.0,
                "recall": 0.4,
                "f1-score": 0.5714285714285714,
                "support": 5.0
            },
            "bot": {
                "precision": 0.4,
                "recall": 1.0,
                "f1-score": 0.5714285714285714,
                "support": 2.0
            },
            "accuracy": 0.5714285714285714,
            "macro avg": {
                "precision": 0.7,
                "recall": 0.7,
                "f1-score": 0.5714285714285714,
                "support": 7.0
            },
            "weighted avg": {
                "precision": 0.8285714285714285,
                "recall": 0.5714285714285714,
                "f1-score": 0.5714285714285714,
                "support": 7.0
            }
        },
        "confusion_matrix": {
            "labels": [
                "human",
                "bot"
            ],
            "matrix": [
                [
                    2,
                    3
                ],
                [
                    0,
                    2
                ]
            ]
        }
    }
}