{
    "sentiment_analysis_performance": {
        "accuracy": 0.5,
        "classification_report": {
            "Positive": {
                "precision": 0.40384615384615385,
                "recall": 0.7,
                "f1-score": 0.5121951219512195,
                "support": 30.0
            },
            "Neutral": {
                "precision": 0.4782608695652174,
                "recall": 0.3142857142857143,
                "f1-score": 0.3793103448275862,
                "support": 35.0
            },
            "Negative": {
                "precision": 0.72,
                "recall": 0.5142857142857142,
                "f1-score": 0.6,
                "support": 35.0
            },
            "accuracy": 0.5,
            "macro avg": {
                "precision": 0.5340356744704571,
                "recall": 0.5095238095238095,
                "f1-score": 0.4971684889262686,
                "support": 100.0
            },
            "weighted avg": {
                "precision": 0.5405451505016723,
                "recall": 0.5,
                "f1-score": 0.496417157275021,
                "support": 100.0
            }
        },
        "confusion_matrix": {
            "labels": [
                "Positive",
                "Neutral",
                "Negative"
            ],
            "matrix": [
                [
                    21,
                    8,
                    1
                ],
                [
                    18,
                    11,
                    6
                ],
                [
                    13,
                    4,
                    18
                ]
            ]
        }
    },
    "bot_detection_performance": {
        "accuracy": 0.41,
        "classification_report": {
            "human": {
                "precision": 0.39622641509433965,
                "recall": 0.4375,
                "f1-score": 0.4158415841584158,
                "support": 48.0
            },
            "bot": {
                "precision": 0.425531914893617,
                "recall": 0.38461538461538464,
                "f1-score": 0.40404040404040403,
                "support": 52.0
            },
            "accuracy": 0.41,
            "macro avg": {
                "precision": 0.41087916499397836,
                "recall": 0.4110576923076923,
                "f1-score": 0.4099409940994099,
                "support": 100.0
            },
            "weighted avg": {
                "precision": 0.41146527498996394,
                "recall": 0.41,
                "f1-score": 0.40970497049704974,
                "support": 100.0
            }
        },
        "confusion_matrix": {
            "labels": [
                "human",
                "bot"
            ],
            "matrix": [
                [
                    21,
                    27
                ],
                [
                    32,
                    20
                ]
            ]
        }
    }
}